Type,Date,Part of a policing operation,Policing operation,Latitude,Longitude,Gender,Age range,Self-defined ethnicity,Officer-defined ethnicity,Legislation,Object of search,Outcome,Outcome linked to object of search,Removal of more than just outer clothing
Person search,2018-04-01T00:43:00+00:00,,,53.218279,0.333472,Male,25-34,White - English/Welsh/Scottish/Northern Irish/British,White,,Offensive weapons,A no further action disposal,False,False
Person search,2018-04-01T14:10:00+00:00,,,53.222416,-0.592802,Male,18-24,White - English/Welsh/Scottish/Northern Irish/British,White,Misuse of Drugs Act 1971 (section 23),Controlled drugs,Arrest,False,False
Person search,2018-04-01T14:10:00+00:00,,,53.222416,-0.592802,Male,18-24,White - English/Welsh/Scottish/Northern Irish/British,White,Misuse of Drugs Act 1971 (section 23),Controlled drugs,A no further action disposal,False,False
Person search,2018-04-01T16:04:00+00:00,,,52.994898,-0.401100,Male,18-24,White - English/Welsh/Scottish/Northern Irish/British,White,,Articles for use in criminal damage,A no further action disposal,False,False
Person search,2018-04-01T16:20:00+00:00,,,52.992882,-0.402948,Female,18-24,White - English/Welsh/Scottish/Northern Irish/British,White,,Articles for use in criminal damage,A no further action disposal,False,False
Person search,2018-04-01T22:50:00+00:00,,,53.229435,-0.542535,Male,18-24,White - English/Welsh/Scottish/Northern Irish/British,White,Misuse of Drugs Act 1971 (section 23),Controlled drugs,Arrest,,True
Person and Vehicle search,2018-04-01T23:31:00+00:00,,,53.233552,-0.557303,Male,25-34,White - English/Welsh/Scottish/Northern Irish/British,White,Misuse of Drugs Act 1971 (section 23),Controlled drugs,A no further action disposal,False,False
Person and Vehicle search,2018-04-02T01:35:00+00:00,,,53.285909,-0.297083,Male,18-24,White - English/Welsh/Scottish/Northern Irish/British,White,Misuse of Drugs Act 1971 (section 23),Controlled drugs,A no further action disposal,False,False
Person search,2018-04-02T01:56:00+00:00,,,53.285909,-0.297083,Male,25-34,White - English/Welsh/Scottish/Northern Irish/British,White,Misuse of Drugs Act 1971 (section 23),Controlled drugs,A no further action disposal,False,False
Person search,2018-04-02T14:00:00+00:00,,,53.227982,-0.540606,Male,over 34,White - English/Welsh/Scottish/Northern Irish/British,White,Misuse of Drugs Act 1971 (section 23),Controlled drugs,A no further action disposal,,False
Person search,2018-04-02T15:15:00+00:00,,,53.032684,0.093482,Male,18-24,White - English/Welsh/Scottish/Northern Irish/British,White,Police and Criminal Evidence Act 1984 (section 1),Offensive weapons,A no further action disposal,,False
Person search,2018-04-02T17:30:00+00:00,,,52.777076,-0.370295,Female,10-17,White - English/Welsh/Scottish/Northern Irish/British,White,Police and Criminal Evidence Act 1984 (section 1),Offensive weapons,A no further action disposal,False,False
Person search,2018-04-02T22:57:00+00:00,,,53.212262,-0.127347,Male,25-34,Black/African/Caribbean/Black British - Any other Black/African/Caribbean background,Black,Misuse of Drugs Act 1971 (section 23),Controlled drugs,A no further action disposal,False,False
Person search,2018-04-03T03:36:00+00:00,,,52.906722,-0.637654,Male,18-24,White - English/Welsh/Scottish/Northern Irish/British,White,Police and Criminal Evidence Act 1984 (section 1),Stolen goods,A no further action disposal,False,False
Person search,2018-04-03T04:28:00+00:00,,,52.906722,-0.637654,Male,10-17,White - English/Welsh/Scottish/Northern Irish/British,White,Police and Criminal Evidence Act 1984 (section 1),Stolen goods,A no further action disposal,False,False
Person search,2018-04-03T04:34:00+00:00,,,52.906722,-0.637654,Male,10-17,White - English/Welsh/Scottish/Northern Irish/British,White,Police and Criminal Evidence Act 1984 (section 1),Stolen goods,A no further action disposal,False,False
Person search,2018-04-03T15:38:00+00:00,,,53.192928,0.351556,Female,over 34,White - English/Welsh/Scottish/Northern Irish/British,White,Misuse of Drugs Act 1971 (section 23),Controlled drugs,Khat or Cannabis warning,,False
Person search,2018-04-03T16:02:00+00:00,,,52.791514,-0.142650,Male,18-24,White - Any other White background,White,,Evidence of offences under the Act,A no further action disposal,False,False
Person search,2018-04-03T16:05:00+00:00,,,53.365150,-0.013560,Male,18-24,White - English/Welsh/Scottish/Northern Irish/British,White,Police and Criminal Evidence Act 1984 (section 1),Stolen goods,A no further action disposal,False,False
Person search,2018-04-03T17:00:00+00:00,,,52.980651,-0.019640,Male,18-24,White - English/Welsh/Scottish/Northern Irish/British,White,Misuse of Drugs Act 1971 (section 23),Controlled drugs,A no further action disposal,False,False
Person search,2018-04-03T17:28:00+00:00,,,53.228606,-0.537289,Male,18-24,White - English/Welsh/Scottish/Northern Irish/British,White,Misuse of Drugs Act 1971 (section 23),Controlled drugs,A no further action disposal,False,False
Person search,2018-04-03T20:00:00+00:00,,,53.222769,-0.537054,Female,10-17,White - English/Welsh/Scottish/Northern Irish/British,White,Police and Criminal Evidence Act 1984 (section 1),Articles for use in criminal damage,A no further action disposal,False,False
Person search,2018-04-03T20:30:00+00:00,,,53.222769,-0.537054,Female,10-17,White - English/Welsh/Scottish/Northern Irish/British,White,Police and Criminal Evidence Act 1984 (section 1),Articles for use in criminal damage,A no further action disposal,False,False
Person search,2018-04-03T21:21:00+00:00,,,53.365150,-0.013560,Male,over 34,White - English/Welsh/Scottish/Northern Irish/British,White,Police and Criminal Evidence Act 1984 (section 1),Stolen goods,A no further action disposal,False,False
Person search,2018-04-03T22:45:00+00:00,,,53.222818,-0.532289,Female,10-17,Other ethnic group - Not stated,,Police and Criminal Evidence Act 1984 (section 1),Articles for use in criminal damage,Community resolution,False,False
Person search,2018-04-04T12:45:00+00:00,,,52.788317,-0.151507,Male,over 34,White - Any other White background,White,Police and Criminal Evidence Act 1984 (section 1),Articles for use in criminal damage,A no further action disposal,,False
Person and Vehicle search,2018-04-04T14:18:00+00:00,,,52.789056,-0.148732,Male,18-24,Other ethnic group - Not stated,,Police and Criminal Evidence Act 1984 (section 1),Articles for use in criminal damage,A no further action disposal,False,False
Person search,2018-04-04T19:06:00+00:00,,,53.183473,0.318814,Female,over 34,White - English/Welsh/Scottish/Northern Irish/British,White,Police and Criminal Evidence Act 1984 (section 1),Evidence of offences under the Act,A no further action disposal,False,False
Person search,2018-04-04T19:44:00+00:00,,,53.183473,0.318814,Male,over 34,White - English/Welsh/Scottish/Northern Irish/British,White,Police and Criminal Evidence Act 1984 (section 1),Article for use in theft,A no further action disposal,False,False
Person search,2018-04-04T20:50:00+00:00,,,53.234437,-0.557617,Male,18-24,White - English/Welsh/Scottish/Northern Irish/British,White,Misuse of Drugs Act 1971 (section 23),Controlled drugs,A no further action disposal,False,False
Person and Vehicle search,2018-04-04T22:25:00+00:00,,,53.225577,-0.544673,Male,25-34,Mixed/Multiple ethnic groups - Any other Mixed/Multiple ethnic background,Black,Misuse of Drugs Act 1971 (section 23),Offensive weapons,A no further action disposal,False,
Person search,2018-04-04T23:09:00+00:00,,,52.961499,-0.034705,Male,25-34,White - Any other White background,White,Police and Criminal Evidence Act 1984 (section 1),Article for use in theft,A no further action disposal,False,False
Person search,2018-04-04T23:33:00+00:00,,,52.971839,-0.024481,Male,25-34,White - Any other White background,White,Police and Criminal Evidence Act 1984 (section 1),Article for use in theft,A no further action disposal,False,False
Person search,2018-04-05T00:50:00+00:00,,,53.213898,-0.578764,Male,25-34,White - English/Welsh/Scottish/Northern Irish/British,White,Police and Criminal Evidence Act 1984 (section 1),,A no further action disposal,False,False
Person search,2018-04-05T01:10:00+00:00,,,53.371618,0.011996,Male,18-24,White - English/Welsh/Scottish/Northern Irish/British,White,Misuse of Drugs Act 1971 (section 23),Controlled drugs,A no further action disposal,False,False
Person search,2018-04-05T04:23:00+00:00,,,52.653295,-0.489860,Male,10-17,White - English/Welsh/Scottish/Northern Irish/British,White,Misuse of Drugs Act 1971 (section 23),Controlled drugs,A no further action disposal,False,False
Person and Vehicle search,2018-04-05T04:45:00+00:00,,,52.629003,-0.558456,Male,18-24,White - English/Welsh/Scottish/Northern Irish/British,White,Misuse of Drugs Act 1971 (section 23),Controlled drugs,A no further action disposal,False,False
Person search,2018-04-05T10:20:00+00:00,,,52.987257,-0.034147,Male,25-34,White - Any other White background,White,Police and Criminal Evidence Act 1984 (section 1),Fireworks,A no further action disposal,False,False
Person search,2018-04-05T13:50:00+00:00,,,53.144145,0.334549,Male,25-34,White - English/Welsh/Scottish/Northern Irish/British,White,Police and Criminal Evidence Act 1984 (section 1),Evidence of offences under the Act,A no further action disposal,False,False
Person search,2018-04-05T14:11:00+00:00,,,52.906626,-0.641077,Female,18-24,White - English/Welsh/Scottish/Northern Irish/British,White,Police and Criminal Evidence Act 1984 (section 1),Offensive weapons,A no further action disposal,False,False
Person search,2018-04-05T14:55:00+00:00,,,53.154831,0.319588,Male,25-34,White - English/Welsh/Scottish/Northern Irish/British,White,Misuse of Drugs Act 1971 (section 23),Controlled drugs,Penalty Notice for Disorder,False,False
Person search,2018-04-05T15:14:00+00:00,,,53.154831,0.319588,Male,over 34,Other ethnic group - Any other ethnic group,White,Misuse of Drugs Act 1971 (section 23),Controlled drugs,A no further action disposal,False,False
Person search,2018-04-05T16:52:00+00:00,,,53.227042,-0.541657,Male,over 34,White - English/Welsh/Scottish/Northern Irish/British,White,Misuse of Drugs Act 1971 (section 23),Controlled drugs,A no further action disposal,False,False
Person search,2018-04-05T16:59:00+00:00,,,53.227042,-0.541657,Male,over 34,White - English/Welsh/Scottish/Northern Irish/British,White,Misuse of Drugs Act 1971 (section 23),Controlled drugs,A no further action disposal,False,False
Person search,2018-04-05T16:59:00+00:00,,,53.227042,-0.541657,Male,over 34,White - English/Welsh/Scottish/Northern Irish/British,White,Misuse of Drugs Act 1971 (section 23),Controlled drugs,A no further action disposal,False,False
Person search,2018-04-05T18:15:00+00:00,,,52.984779,-0.039250,Male,18-24,White - English/Welsh/Scottish/Northern Irish/British,White,Misuse of Drugs Act 1971 (section 23),Controlled drugs,Arrest,,False
Person search,2018-04-05T20:33:00+00:00,,,52.987246,-0.043817,Female,10-17,White - English/Welsh/Scottish/Northern Irish/British,White,Misuse of Drugs Act 1971 (section 23),Controlled drugs,A no further action disposal,False,False
Person search,2018-04-05T21:58:00+00:00,,,53.139101,0.323047,Male,over 34,White - English/Welsh/Scottish/Northern Irish/British,White,Police and Criminal Evidence Act 1984 (section 1),Articles for use in criminal damage,Summons / charged by post,,False
Person search,2018-04-05T22:13:00+00:00,,,53.144565,0.336022,Male,25-34,White - English/Welsh/Scottish/Northern Irish/British,White,Misuse of Drugs Act 1971 (section 23),Controlled drugs,A no further action disposal,False,False
Person search,2018-04-05T22:13:00+00:00,,,53.144565,0.336022,Male,25-34,White - English/Welsh/Scottish/Northern Irish/British,White,Misuse of Drugs Act 1971 (section 23),Controlled drugs,A no further action disposal,False,False
Person search,2018-04-06T03:39:00+00:00,,,53.235399,-0.518074,Male,18-24,White - English/Welsh/Scottish/Northern Irish/British,White,Misuse of Drugs Act 1971 (section 23),Controlled drugs,A no further action disposal,False,False
Person and Vehicle search,2018-04-07T00:07:00+00:00,,,53.203579,-0.113770,Male,18-24,White - English/Welsh/Scottish/Northern Irish/British,White,Misuse of Drugs Act 1971 (section 23),Controlled drugs,A no further action disposal,,False
Person search,2018-04-07T00:28:00+00:00,,,52.970960,-0.006829,Male,over 34,White - English/Welsh/Scottish/Northern Irish/British,White,Police and Criminal Evidence Act 1984 (section 1),Articles for use in criminal damage,A no further action disposal,False,False
Person search,2018-04-07T00:30:00+00:00,,,53.150954,0.343563,Male,over 34,White - English/Welsh/Scottish/Northern Irish/British,White,Police and Criminal Evidence Act 1984 (section 1),Articles for use in criminal damage,A no further action disposal,False,False
Person search,2018-04-07T01:32:00+00:00,,,53.228606,-0.537289,Male,over 34,White - English/Welsh/Scottish/Northern Irish/British,White,Misuse of Drugs Act 1971 (section 23),Controlled drugs,A no further action disposal,False,False
Person and Vehicle search,2018-04-07T01:40:00+00:00,,,53.201839,-0.114071,Male,18-24,White - English/Welsh/Scottish/Northern Irish/British,White,Misuse of Drugs Act 1971 (section 23),Controlled drugs,A no further action disposal,False,False
Person search,2018-04-07T03:40:00+00:00,,,53.230011,-0.538215,Female,18-24,White - English/Welsh/Scottish/Northern Irish/British,White,Misuse of Drugs Act 1971 (section 23),Controlled drugs,A no further action disposal,False,False
Person search,2018-04-07T03:45:00+00:00,,,53.230011,-0.538215,Female,18-24,White - English/Welsh/Scottish/Northern Irish/British,White,Misuse of Drugs Act 1971 (section 23),Controlled drugs,A no further action disposal,False,False
Person search,2018-04-07T09:58:00+00:00,,,53.144973,0.332186,Male,18-24,White - English/Welsh/Scottish/Northern Irish/British,White,Misuse of Drugs Act 1971 (section 23),Controlled drugs,A no further action disposal,,True
Person and Vehicle search,2018-04-07T22:49:00+00:00,,,52.649869,-0.473629,Male,18-24,White - English/Welsh/Scottish/Northern Irish/British,White,Police and Criminal Evidence Act 1984 (section 1),Articles for use in criminal damage,A no further action disposal,False,False
Person and Vehicle search,2018-04-08T02:03:00+00:00,,,52.713799,-0.348124,Male,10-17,White - English/Welsh/Scottish/Northern Irish/British,White,,Stolen goods,A no further action disposal,False,False
Person and Vehicle search,2018-04-08T02:03:00+00:00,,,52.713799,-0.348124,Male,10-17,White - English/Welsh/Scottish/Northern Irish/British,,Police and Criminal Evidence Act 1984 (section 1),Stolen goods,A no further action disposal,False,False
Person search,2018-04-08T04:31:00+00:00,,,52.914409,-0.645593,Male,18-24,White - English/Welsh/Scottish/Northern Irish/British,White,Police and Criminal Evidence Act 1984 (section 1),Offensive weapons,A no further action disposal,False,False
Person search,2018-04-08T04:34:00+00:00,,,52.914409,-0.645593,Female,10-17,White - English/Welsh/Scottish/Northern Irish/British,White,Police and Criminal Evidence Act 1984 (section 1),Offensive weapons,A no further action disposal,False,False
Person search,2018-04-08T07:26:00+00:00,,,52.914409,-0.645593,Male,10-17,White - Any other White background,White,Police and Criminal Evidence Act 1984 (section 1),Offensive weapons,A no further action disposal,False,False
Person search,2018-04-08T10:53:00+00:00,,,52.777816,-0.157334,Male,over 34,White - English/Welsh/Scottish/Northern Irish/British,White,Police and Criminal Evidence Act 1984 (section 1),Controlled drugs,A no further action disposal,False,False
Person search,2018-04-08T16:14:00+00:00,,,52.801955,-0.380981,Male,10-17,White - English/Welsh/Scottish/Northern Irish/British,White,Police and Criminal Evidence Act 1984 (section 1),Articles for use in criminal damage,A no further action disposal,,False
Person search,2018-04-08T19:30:00+00:00,,,52.980159,-0.025204,Male,over 34,Other ethnic group - Not stated,,Misuse of Drugs Act 1971 (section 23),Controlled drugs,A no further action disposal,,False
Person search,2018-04-09T02:39:00+00:00,,,52.966586,-0.028071,Female,25-34,White - Any other White background,White,Misuse of Drugs Act 1971 (section 23),Controlled drugs,A no further action disposal,False,False
Person search,2018-04-09T10:03:00+00:00,,,52.993249,-0.009527,Female,25-34,White - English/Welsh/Scottish/Northern Irish/British,White,Misuse of Drugs Act 1971 (section 23),Controlled drugs,A no further action disposal,False,False
Person search,2018-04-09T15:30:00+00:00,,,52.801955,-0.380981,Male,10-17,White - English/Welsh/Scottish/Northern Irish/British,White,Police and Criminal Evidence Act 1984 (section 1),Articles for use in criminal damage,A no further action disposal,,False
Person and Vehicle search,2018-04-09T19:34:00+00:00,,,52.746185,-0.141112,Male,18-24,Black/African/Caribbean/Black British - Any other Black/African/Caribbean background,Black,Misuse of Drugs Act 1971 (section 23),Controlled drugs,Arrest,,False
Person and Vehicle search,2018-04-09T19:40:00+00:00,,,52.746185,-0.141112,Male,10-17,White - English/Welsh/Scottish/Northern Irish/British,White,Misuse of Drugs Act 1971 (section 23),Controlled drugs,Arrest,,False
Vehicle search,2018-04-09T20:44:00+00:00,,,52.988354,-0.045614,,,,,Misuse of Drugs Act 1971 (section 23),Controlled drugs,A no further action disposal,False,
Person and Vehicle search,2018-04-09T23:38:00+00:00,,,52.975355,-0.030457,Male,over 34,White - English/Welsh/Scottish/Northern Irish/British,White,Misuse of Drugs Act 1971 (section 23),Controlled drugs,A no further action disposal,False,False
Person and Vehicle search,2018-04-10T00:05:00+00:00,,,53.223105,-0.535155,Male,18-24,White - English/Welsh/Scottish/Northern Irish/British,White,Misuse of Drugs Act 1971 (section 23),Controlled drugs,A no further action disposal,,False
Person search,2018-04-10T00:45:00+00:00,,,53.214514,-0.546366,Male,over 34,White - English/Welsh/Scottish/Northern Irish/British,White,Misuse of Drugs Act 1971 (section 23),Controlled drugs,A no further action disposal,False,False
Person search,2018-04-10T19:43:00+00:00,,,52.979764,-0.022526,Male,25-34,White - Any other White background,White,Misuse of Drugs Act 1971 (section 23),Controlled drugs,A no further action disposal,False,False
Person search,2018-04-10T19:52:00+00:00,,,52.979764,-0.022526,Female,over 34,White - Any other White background,White,Misuse of Drugs Act 1971 (section 23),Controlled drugs,A no further action disposal,False,False
Person search,2018-04-10T20:55:00+00:00,,,53.219429,-0.540298,Male,over 34,White - English/Welsh/Scottish/Northern Irish/British,White,Police and Criminal Evidence Act 1984 (section 1),Offensive weapons,A no further action disposal,False,False
Person search,2018-04-11T00:30:00+00:00,,,53.214514,-0.546366,Male,25-34,White - English/Welsh/Scottish/Northern Irish/British,White,Misuse of Drugs Act 1971 (section 23),Controlled drugs,A no further action disposal,False,False
Person search,2018-04-11T00:31:00+00:00,,,53.364281,-0.429430,Male,10-17,White - English/Welsh/Scottish/Northern Irish/British,White,Police and Criminal Evidence Act 1984 (section 1),Offensive weapons,A no further action disposal,False,False
Person and Vehicle search,2018-04-11T11:30:00+00:00,,,53.228650,-0.534981,Male,over 34,White - English/Welsh/Scottish/Northern Irish/British,White,Misuse of Drugs Act 1971 (section 23),Controlled drugs,A no further action disposal,False,False
Vehicle search,2018-04-11T11:41:00+00:00,,,53.230008,-0.535773,,,,,Misuse of Drugs Act 1971 (section 23),Evidence of offences under the Act,A no further action disposal,False,
Person search,2018-04-11T18:46:00+00:00,,,53.150954,0.343563,Male,over 34,White - English/Welsh/Scottish/Northern Irish/British,White,Police and Criminal Evidence Act 1984 (section 1),Articles for use in criminal damage,A no further action disposal,False,False
Person search,2018-04-12T04:15:00+00:00,,,53.217999,-0.546892,Female,over 34,Black/African/Caribbean/Black British - Any other Black/African/Caribbean background,Black,Misuse of Drugs Act 1971 (section 23),Controlled drugs,A no further action disposal,False,False
Person search,2018-04-12T09:59:00+00:00,,,53.230558,-0.538092,Male,18-24,White - English/Welsh/Scottish/Northern Irish/British,White,Misuse of Drugs Act 1971 (section 23),Controlled drugs,A no further action disposal,False,True
Person search,2018-04-12T15:14:00+00:00,,,52.755140,-0.079588,Male,25-34,White - English/Welsh/Scottish/Northern Irish/British,White,Misuse of Drugs Act 1971 (section 23),Controlled drugs,A no further action disposal,False,False
Person search,2018-04-12T16:57:00+00:00,,,52.972483,-0.037260,Male,over 34,White - English/Welsh/Scottish/Northern Irish/British,White,Misuse of Drugs Act 1971 (section 23),Controlled drugs,A no further action disposal,False,True
Person and Vehicle search,2018-04-13T01:25:00+00:00,,,53.203959,-0.550750,Female,25-34,White - English/Welsh/Scottish/Northern Irish/British,White,Misuse of Drugs Act 1971 (section 23),Controlled drugs,A no further action disposal,False,False
Person and Vehicle search,2018-04-13T14:24:00+00:00,,,53.143854,0.332395,Male,over 34,White - English/Welsh/Scottish/Northern Irish/British,White,Misuse of Drugs Act 1971 (section 23),Controlled drugs,A no further action disposal,False,False
Person search,2018-04-13T18:04:00+00:00,,,53.150360,0.340390,Male,over 34,White - English/Welsh/Scottish/Northern Irish/British,White,Misuse of Drugs Act 1971 (section 23),Offensive weapons,A no further action disposal,False,
Person search,2018-04-13T18:05:00+00:00,,,53.151378,0.332489,Male,25-34,White - English/Welsh/Scottish/Northern Irish/British,White,Misuse of Drugs Act 1971 (section 23),Offensive weapons,A no further action disposal,False,
Person search,2018-04-13T19:20:00+00:00,,,53.147170,0.324708,Male,over 34,White - English/Welsh/Scottish/Northern Irish/British,White,Misuse of Drugs Act 1971 (section 23),Controlled drugs,A no further action disposal,False,False
Person search,2018-04-13T22:20:00+00:00,,,52.961499,-0.034705,Male,25-34,White - English/Welsh/Scottish/Northern Irish/British,White,Misuse of Drugs Act 1971 (section 23),Controlled drugs,Arrest,,False
Person search,2018-04-13T22:20:00+00:00,,,52.961499,-0.034705,Male,25-34,White - English/Welsh/Scottish/Northern Irish/British,White,Misuse of Drugs Act 1971 (section 23),Controlled drugs,Arrest,,False
Person search,2018-04-14T00:21:00+00:00,,,53.229435,-0.542535,Male,over 34,White - English/Welsh/Scottish/Northern Irish/British,White,Misuse of Drugs Act 1971 (section 23),Controlled drugs,A no further action disposal,False,False
Person search,2018-04-14T00:39:00+00:00,,,53.229813,-0.540379,Male,18-24,White - English/Welsh/Scottish/Northern Irish/British,White,Misuse of Drugs Act 1971 (section 23),Controlled drugs,A no further action disposal,False,False
Person search,2018-04-14T16:53:00+00:00,,,52.912305,-0.639264,Male,over 34,Mixed/Multiple ethnic groups - White and Black Caribbean,Black,Misuse of Drugs Act 1971 (section 23),Controlled drugs,Khat or Cannabis warning,,False
Person and Vehicle search,2018-04-14T19:54:00+00:00,,,52.821987,-0.160200,Male,18-24,White - English/Welsh/Scottish/Northern Irish/British,White,Misuse of Drugs Act 1971 (section 23),Controlled drugs,Khat or Cannabis warning,False,False
Person and Vehicle search,2018-04-14T20:04:00+00:00,,,52.821987,-0.160200,Male,18-24,White - English/Welsh/Scottish/Northern Irish/British,White,Misuse of Drugs Act 1971 (section 23),Controlled drugs,A no further action disposal,False,False
Person search,2018-04-14T20:08:00+00:00,,,52.767598,-0.373466,Male,10-17,White - English/Welsh/Scottish/Northern Irish/British,White,Misuse of Drugs Act 1971 (section 23),Controlled drugs,A no further action disposal,False,False
Person search,2018-04-14T20:23:00+00:00,,,53.229438,-0.530385,Male,10-17,White - Any other White background,White,Misuse of Drugs Act 1971 (section 23),Controlled drugs,A no further action disposal,False,False
Person search,2018-04-14T23:01:00+00:00,,,53.143485,0.335620,Male,18-24,White - English/Welsh/Scottish/Northern Irish/British,White,Misuse of Drugs Act 1971 (section 23),Controlled drugs,A no further action disposal,False,False
Person search,2018-04-14T23:31:00+00:00,,,53.230011,-0.538215,Male,10-17,White - English/Welsh/Scottish/Northern Irish/British,White,Misuse of Drugs Act 1971 (section 23),Controlled drugs,A no further action disposal,False,False
Person search,2018-04-15T00:43:00+00:00,,,52.968163,-0.063293,Male,25-34,Mixed/Multiple ethnic groups - Any other Mixed/Multiple ethnic background,White,Misuse of Drugs Act 1971 (section 23),Controlled drugs,Khat or Cannabis warning,,False
Person search,2018-04-15T02:00:00+00:00,,,52.789056,-0.148732,Male,18-24,Asian/Asian British - Any other Asian background,Asian,Misuse of Drugs Act 1971 (section 23),Controlled drugs,A no further action disposal,,False
Person search,2018-04-15T02:30:00+00:00,,,52.788317,-0.151507,Male,10-17,Asian/Asian British - Pakistani,Asian,Misuse of Drugs Act 1971 (section 23),Controlled drugs,A no further action disposal,False,False
Person and Vehicle search,2018-04-15T02:56:00+00:00,,,52.787238,-0.153807,Male,25-34,White - Any other White background,White,Misuse of Drugs Act 1971 (section 23),Controlled drugs,A no further action disposal,False,False
Person search,2018-04-15T03:07:00+00:00,,,52.787238,-0.153807,Female,18-24,White - English/Welsh/Scottish/Northern Irish/British,White,Misuse of Drugs Act 1971 (section 23),Controlled drugs,A no further action disposal,False,False
Person and Vehicle search,2018-04-15T03:12:00+00:00,,,52.922540,-0.640431,Male,18-24,White - English/Welsh/Scottish/Northern Irish/British,White,Misuse of Drugs Act 1971 (section 23),Controlled drugs,Khat or Cannabis warning,,False
Person and Vehicle search,2018-04-15T03:15:00+00:00,,,52.788429,-0.150063,Male,18-24,Asian/Asian British - Any other Asian background,Other,Misuse of Drugs Act 1971 (section 23),Controlled drugs,A no further action disposal,False,False
Person and Vehicle search,2018-04-15T03:51:00+00:00,,,52.786240,-0.151521,Male,18-24,White - Any other White background,White,Misuse of Drugs Act 1971 (section 23),Controlled drugs,Khat or Cannabis warning,False,False
Person and Vehicle search,2018-04-15T17:30:00+00:00,,,52.817663,-0.164300,Male,18-24,White - English/Welsh/Scottish/Northern Irish/British,White,Misuse of Drugs Act 1971 (section 23),Controlled drugs,Khat or Cannabis warning,,False
Person and Vehicle search,2018-04-15T17:35:00+00:00,,,52.817663,-0.164300,Male,25-34,White - English/Welsh/Scottish/Northern Irish/British,White,Misuse of Drugs Act 1971 (section 23),Controlled drugs,A no further action disposal,False,False
Person search,2018-04-16T13:00:00+00:00,,,53.227982,-0.540606,Male,18-24,White - English/Welsh/Scottish/Northern Irish/British,White,Misuse of Drugs Act 1971 (section 23),Controlled drugs,A no further action disposal,False,False
Person search,2018-04-16T13:31:00+00:00,,,53.227982,-0.540606,Male,18-24,White - English/Welsh/Scottish/Northern Irish/British,White,Misuse of Drugs Act 1971 (section 23),Controlled drugs,A no further action disposal,False,False
Person search,2018-04-16T15:00:00+00:00,,,53.225577,-0.544673,Male,18-24,Black/African/Caribbean/Black British - African,White,Misuse of Drugs Act 1971 (section 23),Controlled drugs,Arrest,False,False
Person search,2018-04-17T00:35:00+00:00,,,53.418002,-0.381525,Male,10-17,White - English/Welsh/Scottish/Northern Irish/British,White,Police and Criminal Evidence Act 1984 (section 1),Articles for use in criminal damage,Arrest,False,False
Person search,2018-04-17T05:58:00+00:00,,,53.421359,-0.387191,Male,18-24,White - English/Welsh/Scottish/Northern Irish/British,White,Police and Criminal Evidence Act 1984 (section 1),Articles for use in criminal damage,A no further action disposal,False,False
Person search,2018-04-17T06:10:00+00:00,,,53.421359,-0.387191,Male,over 34,White - English/Welsh/Scottish/Northern Irish/British,White,Police and Criminal Evidence Act 1984 (section 1),Articles for use in criminal damage,A no further action disposal,False,False
Person search,2018-04-17T14:56:00+00:00,,,53.214514,-0.546366,Male,over 34,White - English/Welsh/Scottish/Northern Irish/British,White,Misuse of Drugs Act 1971 (section 23),Controlled drugs,A no further action disposal,False,False
Person search,2018-04-17T16:45:00+00:00,,,53.250990,-0.537950,Male,18-24,White - English/Welsh/Scottish/Northern Irish/British,White,Misuse of Drugs Act 1971 (section 23),Controlled drugs,A no further action disposal,False,False
Person search,2018-04-17T17:00:00+00:00,,,53.250990,-0.537950,Male,18-24,White - English/Welsh/Scottish/Northern Irish/British,White,Misuse of Drugs Act 1971 (section 23),Controlled drugs,A no further action disposal,False,False
Person search,2018-04-17T17:17:00+00:00,,,53.250990,-0.537950,Male,over 34,White - English/Welsh/Scottish/Northern Irish/British,White,Misuse of Drugs Act 1971 (section 23),Controlled drugs,A no further action disposal,False,True
Person and Vehicle search,2018-04-18T01:34:00+00:00,,,52.927371,-0.645486,Male,25-34,White - English/Welsh/Scottish/Northern Irish/British,,Misuse of Drugs Act 1971 (section 23),Controlled drugs,Khat or Cannabis warning,,False
Person search,2018-04-18T13:30:00+00:00,,,53.250328,0.103734,Male,18-24,White - English/Welsh/Scottish/Northern Irish/British,White,Misuse of Drugs Act 1971 (section 23),Controlled drugs,Arrest,,True
Person and Vehicle search,2018-04-18T14:25:00+00:00,,,53.241823,0.114932,Female,18-24,White - English/Welsh/Scottish/Northern Irish/British,White,Misuse of Drugs Act 1971 (section 23),Controlled drugs,A no further action disposal,False,False
Vehicle search,2018-04-18T14:53:00+00:00,,,53.420305,-0.157676,,,,,Police and Criminal Evidence Act 1984 (section 1),Stolen goods,A no further action disposal,False,
Person and Vehicle search,2018-04-18T15:31:00+00:00,,,52.804282,-0.616070,Male,10-17,White - English/Welsh/Scottish/Northern Irish/British,White,Misuse of Drugs Act 1971 (section 23),Controlled drugs,Arrest,False,False
Person search,2018-04-18T16:04:00+00:00,,,53.149526,0.345759,Male,18-24,White - English/Welsh/Scottish/Northern Irish/British,White,Misuse of Drugs Act 1971 (section 23),Controlled drugs,A no further action disposal,False,True
Person and Vehicle search,2018-04-18T16:19:00+00:00,,,53.241823,0.114932,Female,18-24,White - English/Welsh/Scottish/Northern Irish/British,White,Misuse of Drugs Act 1971 (section 23),Controlled drugs,A no further action disposal,False,False
Person search,2018-04-18T16:40:00+00:00,,,53.149526,0.345759,Male,18-24,White - English/Welsh/Scottish/Northern Irish/British,White,Misuse of Drugs Act 1971 (section 23),Controlled drugs,A no further action disposal,False,True
Person search,2018-04-19T01:28:00+00:00,,,53.001310,-0.403948,Male,18-24,White - English/Welsh/Scottish/Northern Irish/British,White,Police and Criminal Evidence Act 1984 (section 1),Articles for use in criminal damage,A no further action disposal,False,False
Person search,2018-04-19T01:36:00+00:00,,,53.250990,-0.537950,Female,18-24,White - English/Welsh/Scottish/Northern Irish/British,White,Misuse of Drugs Act 1971 (section 23),Controlled drugs,A no further action disposal,False,False
Person search,2018-04-19T01:41:00+00:00,,,53.250990,-0.537950,Male,18-24,White - English/Welsh/Scottish/Northern Irish/British,White,Misuse of Drugs Act 1971 (section 23),Controlled drugs,A no further action disposal,False,False
Person search,2018-04-19T01:49:00+00:00,,,53.250990,-0.537950,Male,over 34,White - English/Welsh/Scottish/Northern Irish/British,White,Misuse of Drugs Act 1971 (section 23),Controlled drugs,A no further action disposal,False,False
Person search,2018-04-19T01:54:00+00:00,,,53.250990,-0.537950,Female,over 34,White - English/Welsh/Scottish/Northern Irish/British,White,Misuse of Drugs Act 1971 (section 23),Controlled drugs,A no further action disposal,False,False
Person search,2018-04-19T05:15:00+00:00,,,53.154174,0.318670,Male,25-34,White - English/Welsh/Scottish/Northern Irish/British,White,Police and Criminal Evidence Act 1984 (section 1),Article for use in theft,Arrest,False,False
Person search,2018-04-19T09:39:00+00:00,,,53.230338,-0.548766,Male,over 34,White - English/Welsh/Scottish/Northern Irish/British,White,Misuse of Drugs Act 1971 (section 23),Controlled drugs,A no further action disposal,False,False
Person search,2018-04-19T14:15:00+00:00,,,53.399794,-0.774531,Male,over 34,White - English/Welsh/Scottish/Northern Irish/British,White,Police and Criminal Evidence Act 1984 (section 1),Offensive weapons,A no further action disposal,False,False
Person and Vehicle search,2018-04-19T16:36:00+00:00,,,53.164762,0.337254,Female,18-24,White - English/Welsh/Scottish/Northern Irish/British,White,Firearms Act 1968 (section 47),Firearms,A no further action disposal,False,False
Person search,2018-04-19T18:56:00+00:00,,,53.164762,0.337254,Male,25-34,White - English/Welsh/Scottish/Northern Irish/British,White,Firearms Act 1968 (section 47),Firearms,A no further action disposal,False,False
Person search,2018-04-19T22:03:00+00:00,,,53.164762,0.337254,Female,18-24,White - English/Welsh/Scottish/Northern Irish/British,White,Firearms Act 1968 (section 47),Firearms,A no further action disposal,False,False
Person search,2018-04-19T22:14:00+00:00,,,53.164762,0.337254,Female,18-24,White - English/Welsh/Scottish/Northern Irish/British,White,Firearms Act 1968 (section 47),Firearms,A no further action disposal,False,False
Person and Vehicle search,2018-04-20T00:12:00+00:00,,,52.969949,-0.000665,Male,over 34,White - English/Welsh/Scottish/Northern Irish/British,White,Misuse of Drugs Act 1971 (section 23),Controlled drugs,A no further action disposal,False,False
Person and Vehicle search,2018-04-20T00:22:00+00:00,,,52.969949,-0.000665,Female,over 34,White - English/Welsh/Scottish/Northern Irish/British,White,Misuse of Drugs Act 1971 (section 23),Controlled drugs,A no further action disposal,False,False
Person search,2018-04-20T02:25:00+00:00,,,53.214523,-0.526612,Male,18-24,White - English/Welsh/Scottish/Northern Irish/British,White,Misuse of Drugs Act 1971 (section 23),Controlled drugs,A no further action disposal,False,False
Person search,2018-04-20T10:55:00+00:00,,,53.231220,-0.542953,Male,over 34,White - English/Welsh/Scottish/Northern Irish/British,White,Misuse of Drugs Act 1971 (section 23),Offensive weapons,A no further action disposal,False,
Person search,2018-04-20T22:24:00+00:00,,,52.788111,-0.153873,Male,18-24,Other ethnic group - Not stated,Black,Misuse of Drugs Act 1971 (section 23),Controlled drugs,Khat or Cannabis warning,,False
Person search,2018-04-20T23:24:00+00:00,,,53.214514,-0.546366,Male,25-34,White - English/Welsh/Scottish/Northern Irish/British,White,Misuse of Drugs Act 1971 (section 23),Controlled drugs,A no further action disposal,False,False
Person search,2018-04-21T02:10:00+00:00,,,52.652253,-0.475172,Male,10-17,White - Any other White background,Asian,Misuse of Drugs Act 1971 (section 23),Controlled drugs,A no further action disposal,False,False
Person search,2018-04-21T02:19:00+00:00,,,52.652253,-0.475172,Male,10-17,White - English/Welsh/Scottish/Northern Irish/British,White,Misuse of Drugs Act 1971 (section 23),Controlled drugs,A no further action disposal,False,False
Person search,2018-04-21T03:03:00+00:00,,,52.652841,-0.471988,Male,10-17,White - English/Welsh/Scottish/Northern Irish/British,White,Misuse of Drugs Act 1971 (section 23),Controlled drugs,A no further action disposal,False,False
Vehicle search,2018-04-21T03:14:00+00:00,,,52.652841,-0.471988,,,,,Misuse of Drugs Act 1971 (section 23),Controlled drugs,A no further action disposal,,
Person search,2018-04-21T13:00:00+00:00,,,53.213350,-0.580325,Male,18-24,White - English/Welsh/Scottish/Northern Irish/British,White,Misuse of Drugs Act 1971 (section 23),Controlled drugs,Summons / charged by post,,False
Person search,2018-04-21T13:05:00+00:00,,,53.215604,-0.614531,Female,over 34,White - English/Welsh/Scottish/Northern Irish/British,White,Misuse of Drugs Act 1971 (section 23),Controlled drugs,A no further action disposal,False,False
Person search,2018-04-21T16:16:00+00:00,,,53.227982,-0.540606,Male,25-34,White - English/Welsh/Scottish/Northern Irish/British,White,Misuse of Drugs Act 1971 (section 23),Controlled drugs,A no further action disposal,,False
Vehicle search,2018-04-21T16:26:00+00:00,,,53.370201,0.002714,,,,,Police and Criminal Evidence Act 1984 (section 1),Stolen goods,A no further action disposal,False,
Person search,2018-04-21T16:30:00+00:00,,,53.227982,-0.540606,Male,over 34,White - English/Welsh/Scottish/Northern Irish/British,White,Misuse of Drugs Act 1971 (section 23),Controlled drugs,A no further action disposal,,False
Person search,2018-04-21T16:41:00+00:00,,,53.227982,-0.540606,Male,25-34,White - English/Welsh/Scottish/Northern Irish/British,White,Misuse of Drugs Act 1971 (section 23),Controlled drugs,A no further action disposal,,False
Person search,2018-04-21T18:20:00+00:00,,,53.228638,-0.531086,Male,over 34,White - English/Welsh/Scottish/Northern Irish/British,White,Misuse of Drugs Act 1971 (section 23),Controlled drugs,A no further action disposal,,False
Person and Vehicle search,2018-04-22T01:28:00+00:00,,,53.247922,-0.549580,Male,10-17,White - English/Welsh/Scottish/Northern Irish/British,White,Police and Criminal Evidence Act 1984 (section 1),Articles for use in criminal damage,A no further action disposal,False,False
Person and Vehicle search,2018-04-22T03:28:00+00:00,,,53.193621,-0.471629,Male,18-24,White - Any other White background,White,Misuse of Drugs Act 1971 (section 23),Controlled drugs,A no further action disposal,False,False
Person and Vehicle search,2018-04-22T03:28:00+00:00,,,53.192996,-0.474047,Male,18-24,White - English/Welsh/Scottish/Northern Irish/British,White,Misuse of Drugs Act 1971 (section 23),Controlled drugs,A no further action disposal,False,False
Person and Vehicle search,2018-04-22T03:28:00+00:00,,,53.192996,-0.474047,Male,18-24,White - Any other White background,White,Misuse of Drugs Act 1971 (section 23),Controlled drugs,A no further action disposal,False,False
Person and Vehicle search,2018-04-22T09:55:00+00:00,,,53.232608,-0.532299,Male,25-34,White - English/Welsh/Scottish/Northern Irish/British,White,Police and Criminal Evidence Act 1984 (section 1),Offensive weapons,A no further action disposal,False,False
Person search,2018-04-22T14:40:00+00:00,,,52.998881,-0.021608,Male,over 34,Other ethnic group - Not stated,Black,Misuse of Drugs Act 1971 (section 23),Controlled drugs,Arrest,,False
Person search,2018-04-22T21:44:00+00:00,,,53.145762,0.341456,Male,over 34,White - English/Welsh/Scottish/Northern Irish/British,White,Police and Criminal Evidence Act 1984 (section 1),Articles for use in criminal damage,A no further action disposal,False,False
Person search,2018-04-23T00:45:00+00:00,,,52.919146,-0.655068,Male,18-24,White - English/Welsh/Scottish/Northern Irish/British,White,Police and Criminal Evidence Act 1984 (section 1),Article for use in theft,A no further action disposal,False,False
Person search,2018-04-23T06:49:00+00:00,,,53.150360,0.340390,Female,over 34,White - English/Welsh/Scottish/Northern Irish/British,White,Police and Criminal Evidence Act 1984 (section 1),Article for use in theft,A no further action disposal,False,False
Person search,2018-04-23T06:53:00+00:00,,,53.150360,0.340390,Male,over 34,White - English/Welsh/Scottish/Northern Irish/British,White,Police and Criminal Evidence Act 1984 (section 1),Article for use in theft,A no further action disposal,False,False
Person search,2018-04-23T13:15:00+00:00,,,53.267666,-0.496071,Male,25-34,White - English/Welsh/Scottish/Northern Irish/British,White,Police and Criminal Evidence Act 1984 (section 1),Articles for use in criminal damage,Arrest,,False
Person search,2018-04-23T13:30:00+00:00,,,53.229435,-0.542535,Male,25-34,White - English/Welsh/Scottish/Northern Irish/British,White,Police and Criminal Evidence Act 1984 (section 1),Articles for use in criminal damage,A no further action disposal,False,False
Person search,2018-04-23T13:43:00+00:00,,,53.229435,-0.542535,Male,over 34,White - English/Welsh/Scottish/Northern Irish/British,White,Police and Criminal Evidence Act 1984 (section 1),Articles for use in criminal damage,A no further action disposal,False,False
Person search,2018-04-23T18:48:00+00:00,,,53.230639,-0.539602,Male,25-34,White - English/Welsh/Scottish/Northern Irish/British,White,Misuse of Drugs Act 1971 (section 23),Controlled drugs,A no further action disposal,False,False
Person search,2018-04-24T09:10:00+00:00,,,53.201262,-0.561860,Male,10-17,White - Any other White background,White,Police and Criminal Evidence Act 1984 (section 1),Offensive weapons,A no further action disposal,False,False
Person search,2018-04-24T15:38:00+00:00,,,52.981859,-0.038846,Male,18-24,White - Any other White background,White,Misuse of Drugs Act 1971 (section 23),Controlled drugs,A no further action disposal,False,False
Person search,2018-04-25T00:07:00+00:00,,,53.211512,-0.115129,Female,25-34,White - English/Welsh/Scottish/Northern Irish/British,White,Misuse of Drugs Act 1971 (section 23),Controlled drugs,A no further action disposal,False,False
Person search,2018-04-25T00:41:00+00:00,,,53.211512,-0.115129,Female,18-24,White - English/Welsh/Scottish/Northern Irish/British,White,Misuse of Drugs Act 1971 (section 23),Controlled drugs,A no further action disposal,False,False
Person and Vehicle search,2018-04-25T01:15:00+00:00,,,52.810057,-0.518113,Male,over 34,White - English/Welsh/Scottish/Northern Irish/British,White,Misuse of Drugs Act 1971 (section 23),Controlled drugs,A no further action disposal,False,False
Person search,2018-04-25T02:32:00+00:00,,,52.810057,-0.518113,Female,over 34,Mixed/Multiple ethnic groups - Any other Mixed/Multiple ethnic background,Black,,Controlled drugs,A no further action disposal,False,False
Person search,2018-04-25T09:41:00+00:00,,,53.228826,-0.533986,Male,over 34,White - English/Welsh/Scottish/Northern Irish/British,White,,Offensive weapons,A no further action disposal,False,False
Person search,2018-04-27T01:00:00+00:00,,,52.974185,-0.024940,Male,25-34,White - Any other White background,White,Misuse of Drugs Act 1971 (section 23),Controlled drugs,Arrest,,False
Person and Vehicle search,2018-04-27T04:21:00+00:00,,,52.974185,-0.024940,Male,over 34,White - English/Welsh/Scottish/Northern Irish/British,White,Misuse of Drugs Act 1971 (section 23),Controlled drugs,A no further action disposal,False,False
Person search,2018-04-28T00:00:00+00:00,,,52.985794,-0.027792,Male,over 34,White - English/Welsh/Scottish/Northern Irish/British,White,Police and Criminal Evidence Act 1984 (section 1),Article for use in theft,A no further action disposal,,
Person search,2018-04-28T00:04:00+00:00,,,53.494530,-0.312689,Male,over 34,White - English/Welsh/Scottish/Northern Irish/British,White,Misuse of Drugs Act 1971 (section 23),Controlled drugs,A no further action disposal,False,False
Person search,2018-04-28T01:10:00+00:00,,,53.231150,-0.537982,Male,over 34,White - English/Welsh/Scottish/Northern Irish/British,White,Misuse of Drugs Act 1971 (section 23),Evidence of offences under the Act,A no further action disposal,False,False
Person search,2018-04-28T01:12:00+00:00,,,53.231150,-0.537982,Female,25-34,White - English/Welsh/Scottish/Northern Irish/British,White,Misuse of Drugs Act 1971 (section 23),Controlled drugs,A no further action disposal,False,False
Person search,2018-04-28T01:19:00+00:00,,,53.231029,-0.538405,Male,25-34,White - English/Welsh/Scottish/Northern Irish/British,White,Misuse of Drugs Act 1971 (section 23),Controlled drugs,A no further action disposal,,False
Person search,2018-04-28T01:23:00+00:00,,,53.494530,-0.312689,Male,25-34,White - English/Welsh/Scottish/Northern Irish/British,White,Misuse of Drugs Act 1971 (section 23),Controlled drugs,A no further action disposal,False,False
Person search,2018-04-28T02:58:00+00:00,,,52.981240,-0.032409,Female,18-24,White - English/Welsh/Scottish/Northern Irish/British,White,Misuse of Drugs Act 1971 (section 23),Controlled drugs,Khat or Cannabis warning,,False
Person and Vehicle search,2018-04-28T05:13:00+00:00,,,52.755634,-0.374252,Male,18-24,White - English/Welsh/Scottish/Northern Irish/British,White,Misuse of Drugs Act 1971 (section 23),Controlled drugs,Summons / charged by post,,False
Person and Vehicle search,2018-04-28T05:22:00+00:00,,,52.981240,-0.032409,Male,18-24,Other ethnic group - Not stated,,Misuse of Drugs Act 1971 (section 23),Controlled drugs,A no further action disposal,False,False
Person and Vehicle search,2018-04-28T05:28:00+00:00,,,52.981240,-0.032409,Male,25-34,White - English/Welsh/Scottish/Northern Irish/British,White,Misuse of Drugs Act 1971 (section 23),Controlled drugs,A no further action disposal,False,False
Person and Vehicle search,2018-04-28T19:50:00+00:00,,,52.983240,-0.039156,Female,25-34,White - English/Welsh/Scottish/Northern Irish/British,White,Misuse of Drugs Act 1971 (section 23),Controlled drugs,A no further action disposal,False,False
Person search,2018-04-28T23:32:00+00:00,,,53.164762,0.337254,Male,25-34,White - English/Welsh/Scottish/Northern Irish/British,White,Misuse of Drugs Act 1971 (section 23),Controlled drugs,A no further action disposal,,False
Person search,2018-04-29T02:26:00+00:00,,,52.997173,-0.409167,Male,10-17,White - English/Welsh/Scottish/Northern Irish/British,White,Misuse of Drugs Act 1971 (section 23),Controlled drugs,A no further action disposal,False,False
Person search,2018-04-29T02:29:00+00:00,,,52.999346,-0.410309,Male,18-24,White - English/Welsh/Scottish/Northern Irish/British,White,Misuse of Drugs Act 1971 (section 23),Controlled drugs,A no further action disposal,False,False
Person and Vehicle search,2018-04-29T10:31:00+00:00,,,52.914753,-0.682584,Female,25-34,Other ethnic group - Not stated,,Misuse of Drugs Act 1971 (section 23),Controlled drugs,Penalty Notice for Disorder,,False
Person and Vehicle search,2018-04-29T11:13:00+00:00,,,52.952997,-0.681869,Male,25-34,Other ethnic group - Not stated,,Misuse of Drugs Act 1971 (section 23),Controlled drugs,Khat or Cannabis warning,,False
Person search,2018-04-29T18:30:00+00:00,,,53.228660,-0.538756,Male,over 34,White - English/Welsh/Scottish/Northern Irish/British,White,Misuse of Drugs Act 1971 (section 23),Controlled drugs,Summons / charged by post,,False
Person search,2018-04-29T23:10:00+00:00,,,52.803364,-0.623783,Male,25-34,White - English/Welsh/Scottish/Northern Irish/British,White,Police and Criminal Evidence Act 1984 (section 1),Evidence of offences under the Act,A no further action disposal,False,False
Person search,2018-04-29T23:40:00+00:00,,,53.219174,-0.545175,Male,25-34,White - English/Welsh/Scottish/Northern Irish/British,White,Misuse of Drugs Act 1971 (section 23),Controlled drugs,A no further action disposal,False,False
Person and Vehicle search,2018-04-29T23:56:00+00:00,,,52.803364,-0.623783,Female,25-34,White - English/Welsh/Scottish/Northern Irish/British,White,Police and Criminal Evidence Act 1984 (section 1),Articles for use in criminal damage,A no further action disposal,False,False
Person search,2018-04-30T00:16:00+00:00,,,53.218494,-0.550589,Female,25-34,White - English/Welsh/Scottish/Northern Irish/British,White,Misuse of Drugs Act 1971 (section 23),Controlled drugs,A no further action disposal,False,False
Person and Vehicle search,2018-04-30T00:24:00+00:00,,,52.936189,-0.062578,Male,18-24,White - English/Welsh/Scottish/Northern Irish/British,White,Misuse of Drugs Act 1971 (section 23),Controlled drugs,A no further action disposal,False,False
Person search,2018-04-30T01:25:00+00:00,,,52.910775,-0.668474,Male,25-34,White - English/Welsh/Scottish/Northern Irish/British,White,Misuse of Drugs Act 1971 (section 23),Controlled drugs,A no further action disposal,False,False
Person search,2018-04-30T02:53:00+00:00,,,53.222658,-0.538975,Male,over 34,Other ethnic group - Not stated,White,Police and Criminal Evidence Act 1984 (section 1),Stolen goods,A no further action disposal,False,False
Person search,2018-04-30T03:11:00+00:00,,,53.222658,-0.538975,Male,over 34,Other ethnic group - Not stated,White,Police and Criminal Evidence Act 1984 (section 1),Stolen goods,A no further action disposal,False,False
Person search,2018-04-30T13:45:00+00:00,,,52.971839,-0.024481,Male,over 34,White - English/Welsh/Scottish/Northern Irish/British,White,Misuse of Drugs Act 1971 (section 23),Controlled drugs,A no further action disposal,False,False
